epci_code,EPCI,admin_website_url
243300316,Bordeaux Métropole,https://urbanisme.bordeaux-metropole.fr/guichet/Login/Particulier
242900314,Brest Métropole,https://urbanisme.brest-metropole.fr/guichet/Login/Particulier
200066918,CA Alès Agglomération,http://cartads.alesagglo.fr/guichet-unique
248000531,CA Amiens Métropole,https://urbanisme.amiens-metropole.com/gnau/?ref=
200011773,CA Annemasse-les Voirons-Agglomération,https://urbanisme.annemasse-agglo.fr/
200072015,CA Annonay Rhône Agglo,https://gu-ara.numerian.fr/guichet-unique/Login/Particulier
200073096,CA Arche Agglo,https://sve.sirap.fr/#/communesList
200041630,CA Ardenne Métropole,https://gnau12.operis.fr/ardennemetropole/gnau/
200068997,CA Arlysère,https://sve.sirap.fr/#/communesList
243300563,CA Bassin d'Arcachon Sud-Pôle Atlantique (Cobas),https://gnau7.operis.fr/arcachon/gnau/#/
200006682,"CA Beaune, Côte et Sud - Communauté Beaune-Chagny-Nolay",https://beaunecoteetsud.geosphere.fr/guichet-unique/Login/Particulier
200070647,CA Bergeracoise,https://atd24.geosphere.fr/guichet-unique/Login/Particulier
241800507,CA Bourges Plus,https://ads.bourgesplus.fr/guichet/Login/Particulier
200039915,CA Cannes Pays de Lérins,https://gnau-cannes.operis.fr/
200018653,CA Cap Excellence,https://urbanisme.cap-atlantique.fr/guichet-unique/Login/Particulier
200035715,CA Carcassonne Agglo,https://portail-ads.carcassonne-agglo.fr/guichet-unique/Login/Particulier
200010700,CA Caux Seine Agglo,https://gnau14.operis.fr/cauxseine/gnau/#/
200033181,CA Chartres Métropole,https://www.e-permis.fr/#/connexion
243600327,CA Châteauroux Métropole,https://connexion.chateauroux-metropole.fr/login/?nonce=_C8666F38C17425447F61604E0B45819B&next=/idp/saml2/continue%3Fnonce%3D_C8666F38C17425447F61604E0B45819B
200071785,CA Chauny Tergnier la Fère,https://sve.sirap.fr/
249740077,CA Civis (Communauté Intercommunale des Villes Solidaires),
200067635,CA Clisson Sèvre et Maine Agglo,https://sig.clissonsevremaine.fr/guichet-unique/Login/Particulier
200057859,CA Coeur d'Essonne Agglomération,https://gnau38.operis.fr/coeuressonne/gnau/
246800726,CA Colmar Agglomération,https://ca-colmar.geosphere.fr/guichet-unique/Login/Particulier
200056232,CA Communauté Paris-Saclay,https://gnau13.operis.fr/parissaclay/gnau/#/
242900769,CA Concarneau Cornouaille Agglomération,https://gnau.cca.bzh/gnau/#/
200090504,CA Coulommiers Pays de Brie,https://cacpb.geosphere.fr/guichet-unique/Login/Particulier
200068047,CA Creil Sud Oise,https://gnau.creil.fr/gnau/#/
200096956,CA d'Agen,https://gnau6.operis.fr/agen/gnau/
241300417,CA d'Arles-Crau-Camargue-Montagnette,https://gnau14.operis.fr/accm/gnau/
200068757,CA d'Épinal,https://www.geopermis.fr/
246200299,CA d'Hénin-Carvin,https://agglo-henincarvin-grc.e-citiz.com
200033025,CA de Bar-le-Duc - Sud Meuse,https://gnau31.operis.fr/barleduc/gnau/#/
242000354,CA de Bastia,https://urbanisme.bastia.corsica/NetADS/sve/connexion
200072460,"CA de Béthune-Bruay, Artois-Lys Romane",https://urbanisme.bethunebruay.fr/guichet-unique/Login/Particulier
243400769,CA de Béziers-Méditerranée,https://gnau.beziers-mediterranee.fr/gnau/
200030385,CA de Blois Agglopolys,https://demande-urbanisme.agglopolys.fr/
200068500,CA de Cambrai,https://sve.sirap.fr/#/059122/connexion
248100430,CA de Castres Mazamet,https://ads.ville-mazamet.com/NetADS/sve/MAZAME81163/
249500109,CA de Cergy-Pontoise,https://demarches-urbanisme.cergypontoise.fr
249500109,CA de Cergy-Pontoise,https://demarches-urbanisme.cergypontoise.fr
200066876,CA de Châlons-en-Champagne,https://gnau.chalons-agglo.fr/gnau/#/
200068658,"CA de Chaumont, du Bassin Nogentais et du Bassin de Bologne Vignory Froncles",https://sve.sirap.fr/
200060457,CA de Dembeni / Mamoudzou,
245700372,CA de Forbach Porte de France,https://sve-rosselle.sirap.fr
200067874,CA de Haguenau,https://cadehaguenau.geosphere.fr/adscs/Login?ReturnUrl=%2Fadscs%2F
248100737,CA de l'Albigeois (C2a),https://gnau.ic2a.net
200067114,CA de l'Auxerrois,https://gnau.auxerre.fr/auxerrois/gnau/?ref=89024#/
249720053,CA de l'Espace Sud de la Martinique,
200040566,CA de l'Ouest Rhodanien,https://gnau35.operis.fr/ouestrhodanien/gnau/#/
200070993,CA de la Baie de Somme,https://gnau40.operis.fr/crotoy/gnau/#/
200042190,CA de la Porte du Hainaut,https://gnau2.operis.fr/guichetnumeriqueurbanisme/
244400610,CA de la Presqu'île de Guérande Atlantique (Cap Atlantique),https://urbanisme.cap-atlantique.fr/guichet-unique/Login/Particulier
200068104,CA de la Provence Verte,https://guichetunique.geosphere.fr/provence-verte/Login/Particulier
200072031,CA de la Région de Château-Thierry,
200067965,CA de la Région de Compiègne et de la Basse Automne,
247600786,CA de la Région Dieppoise,
244400644,CA de la Région Nazairienne et de l'Estuaire (Carene),https://urbanisme.saintnazaireagglo.fr/guichet-unique/
240600551,CA de la Riviera Française,https://gnau10.operis.fr/rivierafrancaise/gnau/#/
241700434,CA de la Rochelle,https://www.agglo-larochelle.fr/-/mes-demarches-d-urbanisme-en-ligne-des-le-1er-janvier
246200364,CA de Lens - Liévin,https://villedelens.fr/mes-services/urbanisme/guichet-num%C3%A9rique-des-autorisations-durbanisme/
245400262,CA de Longwy,https://demarches.service-public.fr/mademarche/DAUA/demarche
245804406,CA de Nevers,
243000643,CA de Nîmes Métropole,gnau.nimes.fr
200071066,CA de Saint-Dié-Des-Vosges,non trouvé
200068666,CA de Saint-Dizier Der et Blaise,https://sig.saint-dizier.fr
200058782,CA de Saint-Quentin-en-Yvelines,https://gnau.sqy.fr
200036473,CA de Saintes,https://ca-saintes.geosphere.fr/guichet-unique/Login/Particulier
240600585,CA de Sophia Antipolis,https://cartadsweb.ville-valbonne.fr/guichet/Login/Particulier
247000011,CA de Vesoul,https://ca-vesoul.geosphere.fr/guichet-unique/Login/Particulier
200069029,CA des Deux Baies en Montreuillois,https://sig.ca2bm.fr/
200068989,CA Dinan Agglomération,https://www.dinan-agglomeration.fr/au-quotidien/demarches-en-ligne/demander-une-autorisation-durbanisme-en-ligne
200071066,CA Dracénoise,https://ads.dracenie.com
243301504,CA du Bassin d'Arcachon Nord,
241500230,CA du Bassin d'Aurillac,
200071751,CA du Bassin de Bourg-en-Bresse,https://portail.siea‑sig.fr
200043172,CA du Bassin de Brive,https://gnau35.operis.fr/bassindebrive/gnau/#/
200067999,CA du Beauvaisis,https://urbanisme.beauvaisis.fr/#/
200040244,CA du Bocage Bressuirais,https://gnau-sieds.operis.fr
246200729,CA du Boulonnais,https://gnau14.operis.fr/boulonnais/gnau/#/
246201149,CA du Calaisis,https://guichetunique.grandcalais.fr/Login/Particulier
200030633,CA du Caudrésis et du Catésis,
249720061,CA du Centre de la Martinique,
249730045,CA du Centre Littoral,
200071678,CA du Choletais,
200067205,CA du Cotentin,https://ads.lecotentin.fr/guichet-unique
200044618,CA du Douaisis (C.A.D.),https://urbanisme.ville-douai.fr/droit-du-sol/Login/Particulier
200034692,CA du Gard Rhodanien,https://ideau.atreal.fr/
200071827,CA du Grand Angoulême,https://gnau.grandangouleme.fr/gnau/#/
200066793,CA du Grand Annecy,https://urbanisme.annecy.fr/Login/Particulier
248400251,CA du Grand Avignon (Coga),https://gnau2.operis.fr/grandavignon/gnau/#/
248400251,CA du Grand Besançon,https://gnau-grandbesancon.operis.fr/gnau/#/
200023737,CA du Grand Cahors,https://sig.grandcahors.fr/guichet-unique/Login/Particulier
200069110,CA du Grand Chambéry,https://gnau2.operis.fr/chamberymetropole/gnau/
200070514,CA du Grand Cognac,https://gnau29.operis.fr/grandcognac/gnau/
244000675,CA du Grand Dax,https://intrageo.dax.fr/guichet-unique/Login/Particulier
200010650,CA du Grand Dole,https://sig.grand-dole.fr
200034825,CA du Grand Guéret,par mail
248900334,CA du Grand Sénonais,
200049187,CA du Grand Verdun,https://portail.grandverdun.fr/
200023307,CA du Grand Villeneuvois,
200070092,CA du Libournais,https://grandlibournais.geosphere.fr/
200041317,CA du Niortais,https://gnau-sieds.operis.fr/#/
249710062,CA du Nord Basse-Terre,
200044691,CA du Nord Grande Terre,
242010056,CA du Pays Ajaccien,https://ca-pays-ajaccien.geosphere.fr/adscs/Login?ReturnUrl=%2Fadscs%2F
200067106,CA du Pays Basque,https://www.communaute-paysbasque.fr/mes-demarches/demarches/deposer-une-demande-durbanisme
200040277,CA du Pays de Dreux,https://ideau.atreal.fr/
200072346,CA du Pays de Fontainebleau,
240100750,CA du Pays de Gex,https://portail.siea-sig.fr/sve/#/communesList
200039857,CA du Pays de Grasse,https://sve.sictiam.fr/#/communesList
243400470,CA du Pays de l'Or,
200043495,CA du Pays de Laon,
200072130,CA du Pays de Meaux,https://ideau.atreal.fr/
243500782,CA du Pays de Saint-Malo - Saint-Malo Agglomération,https://www.stmalo-agglomeration.fr/vie-quotidienne/amenagement-et-urbanisme/autorisation-durbanisme
200069037,CA du Pays de Saint-Omer,https://gnau19.operis.fr/payssaintomer/gnau/#/
200041788,CA du Pays Nord Martinique,
243800984,CA du Pays Voironnais,https://ads.paysvoironnais.com/guichet-unique/Login/Particulier
200073419,CA du Puy-en-Velay,
200071892,CA du Saint-Quentinois,https://gnau15.operis.fr/saintquentinois/gnau/#/
243100633,CA du Sicoval,
249740085,CA du Sud,
245701222,CA du Val de Fensch,https://www.agglo-valdefensch.fr/urbanisme
200034700,CA Durance-Lubéron-Verdon Agglomération,
200071116,CA Ecla (Espace Communautaire Lons Agglomération),
200067684,"CA Épernay, Coteaux et Plaine de Champagne",
200071116,CA Étampois Sud-Essonne,
200071454,CA Evreux Portes de Normandie,https://demarche-urbanisme.epn-agglo.fr/Login/Particulier
200069821,CA Fécamp Caux Littoral Agglomération,
200035814,CA Flers Agglo,
200072452,CA Fougères Agglomération,
200066124,CA Gaillac-Graulhet,www.geopermis.fr
200067825,CA Gap-Tallard-Durance,https://urbanisme.geomas.fr/gnau
200067932,CA Golfe du Morbihan - Vannes Agglomération,https://urbanisme.gmvagglo.bzh
200017846,CA Grand Auch Coeur de Gascogne,
200069052,CA Grand Belfort,https://gnau.grandbelfort.fr/gnau/
248600413,CA Grand Châtellerault,
200068674,CA Grand Lac,https://pu.rgd.fr/
248200099,CA Grand Montauban,https://montauban.com/au-quotidien/logement-et-urbanisme/faire-une-demande-durbanisme
200059228,CA Grand Paris Sud Seine Essonne Sénart,https://www.grandparissud.fr/urbanisme-tout-savoir-sur-vos-demarches
249710070,CA Grand Sud Caraïbe,
240200477,CA GrandSoissons Agglomération,
200067981,CA Guingamp-Paimpol Armor-Argoat Agglomération,https://gnau.megalis.bretagne.bzh/gpa/gnau/
200042935,CA Haut - Bugey Agglomération,https://www.hautbugey-agglomeration.fr/vivre-habiter/urbanisme/mes-demarches/dematerialisation-des-autorisations-durbanisme
243400819,CA Hérault-Méditerranée,
249740093,CA Intercommunale de la Réunion Est (Cirest),
249740093,CA Intercommunale du Nord de la Réunion (Cinor),
200041507,CA La Riviera du Levant,
248500589,CA La Roche-sur-Yon Agglomération,https://ads.larochesuryon.fr/guichet-unique/Login/Particulier
200069391,CA Lamballe Terre et Mer,https://www.lamballe-terre-mer.bzh/guichet-numerique-des-autorisations-durbanisme
200065928,CA Lannion-Trégor Communauté,https://www.lannion-tregor.com/vos-services/autorisations-durbanisme
200083392,CA Laval Agglomération,https://www.agglo-laval.fr/utile-au-quotidien/urbanisme/demarches-durbanisme/deposer-une-demande-dautorisation-en-ligne
247100589,CA Le Grand Chalon,https://www.legrandchalon.fr/demarches/faire-une-demande-dautorisation-durbanisme
241100593,CA Le Grand Narbonne,https://legrandnarbonne.com/vivre-au-quotidien/se-loger-/-habiter/vos-demandes-durbanisme
200040392,CA Le Grand Périgueux,https://atd24.geosphere.fr/guichet-unique
200068641,CA Le Muretain Agglo,https://urbanisme.mairie-muret.fr/gnau/#/
200071165,CA Les Sables d'Olonne Agglomération,https://sig.lsoagglo.fr/guichet-unique
200069532,CA Lisieux Normandie,https://calisieuxnormandie.geosphere.fr/guichet-unique/Login/Particulier
249740119,CA Loire Forez Agglomération (LFA),
200042174,CA Lorient Agglomération,
200040442,CA Luberon Monts de Vaucluse,
200070308,CA Mâconnais Beaujolais Agglomération,https://gnau43.operis.fr/maconnaisvalsaone/gnau/
247700594,CA Marne et Gondoire,https://urba.marneetgondoire.fr/guichet-unique
200043396,CA Maubeuge Val de Sambre,https://maubeugevaldesambre.geosphere.fr/adscs/Login?ReturnUrl=%2Fadscs%2F
200060010,CA Mauges Communauté,maugescommunaute.fr/actualites/demande-autorisation-urbanisme-en-ligne
247700057,CA Melun Val de Seine,"Chaque commune de la CAMVS possède son guichet (liaison par sous‑domaine)."
244000808,CA Mont-de-Marsan Agglomération,
200069425,CA Mont-Saint-Michel-Normandie,https://gnau12.operis.fr/baiemontsaintmichel/gnau/#/
244000808,CA Montargoise et Rives du Loing (A.M.E.),
200040459,CA Montélimar Agglomération,https://gnau25.operis.fr/montelimar/gnau/
200071082,CA Montluçon Communauté,
242900835,CA Morlaix Communauté,https://saasweb.oci-urbanisme.fr/NetADS/sve/connexion
200071140,CA Moulins Communauté,
200066009,CA Mulhouse Alsace Agglomération,https://gnau-mulhouse.operis.fr/gnau/#/
200057958,CA Paris - Vallée de la Marne,
200067254,CA Pau Béarn Pyrénées,https://www.pau.fr/vie-quotidienne/urbanisme-habitat/urbanisme-aides-et-demarches/depot-en-ligne-des-demandes
200070407,CA Pays d'Issoire,
200065647,CA Pays de Montbéliard Agglomération,https://www.montbeliard.fr/ma-mairie/urbanisme/demandes-dautorisation-durbanisme.htm
200067791,CA Pays Foix-Varilhes,
200056380,CA Plaine Vallée,
200067346,CA Pornic Agglo Pays de Retz,
243800604,CA Porte de l'Isère (C.A.P.I),https://gnau18.operis.fr/portedelisere/gnau/#/
245701362,CA Portes de France-Thionville,https://www.geopermis.fr/
200071413,CA Privas Centre Ardèche,
200067437,CA Provence-Alpes-Agglomération,
200068120,CA Quimper Bretagne Occidentale,https://gnau3.operis.fr/quimperbretagneoccidentale/gnau/#/
242900694,CA Quimperlé Communauté,
200073344,CA Rambouillet Territoires,https://netads.rt78.fr:444/NetADS/sve/connexion
243500741,CA Redon Agglomération,https://gnau.megalis.bretagne.bzh/ra/gnau/
200070753,CA Riom Limagne et Volcans,https://sig.rlv.eu/guichet-unique/Login/Particulier
200035731,CA Roannais Agglomération,https://gnau.roannais-agglomeration.fr/gnau/#/
200041762,CA Rochefort Océan,
241200187,CA Rodez Agglomération,
200055655,CA Roissy Pays de France,
200055655,CA Roissy Pays de France,
241700640,CA Royan Atlantique,https://urba.agglo-royan.fr/NetADS/sve/connexion
200067502,CA Saint-Avold Synergie,
200069409,CA Saint-Brieuc Armor Agglomération,https://www.saintdonan.fr/Guichet-numerique-des-autorisations-urbanisme-gnau_fiche_552.html
200058519,CA Saint-Germain Boucles de Seine,"guichet unique pour chaque mairie"
200066389,CA Saint-Lô Agglo,https://sig.saint-lo-agglo.fr/guichet-unique/Login/Particulier
200066058,CA Saint-Louis Agglomération,https://gnau32.operis.fr/saintlouisagglo/gnau/#/
200070746,CA Sarreguemines Confluences,
200071876,CA Saumur Val de Loire,https://www.saumurvaldeloire.fr/infos-demarches/urbanisme/demarches-d-autorisation-d-urbanisme
200058519,CA Seine Eure,https://gnau.seine-eure.fr/gnau/#/
200072312,CA Seine Normandie Agglomération,https://gnau15.operis.fr/seinenormandie/gnau/#/
200066355,CA Sète Agglopôle Méditerranée,https://www.agglopole.fr/habiter-se-former/le-logement-2/demander-une-autorisation-durbanisme/?cn-reloaded=1
200058519,CA Sud Sainte-Baume,
200069300,CA Tarbes-Lourdes-Pyrénées,https://www.agglo-tlp.fr/page/sve-urbanisme
200035087,CA Terre de Provence,
200089456,CA Territoire de la Côte Ouest (Tco),
200072072,CA Territoires Vendômois,
200067551,CA Thonon Agglomération,https://mesdemarches.thononagglo.fr/
200069250,CA Troyes Champagne Métropole,https://www.ville-troyes.fr/teleservices/e-services/urbanisme/
241927201,CA Tulle Agglo,
247700339,CA Val d'Europe Agglomération,
200058477,CA Val d'Yerres Val de Seine,
200030674,CA Val de Garonne Agglomération,
200058485,CA Val Parisis,
200068781,CA Valence Romans Agglo,ads.valenceromansagglo.fr
245901160,CA Valenciennes Métropole,
248300394,CA Var Esterel Méditerranée (Cavem),Les Adrets-de-l'Estérel
249740101,CA Ventoux-Comtat-Venaissin (Cove),https://gnau.lacove.fr/gnau
247800584,CA Versailles Grand Parc (C.A.V.G.P.),https://www.versailles.fr/1033/urbanisme-architecture-foncier/urbanisme/mes-demarches-aupres-du-service-urbanisme/dematerialisation-des-autorisations-d-urbanisme.htm
200071363,CA Vichy Communauté,https://gnau12.operis.fr/vichycommunaute/gnau/#/
200077014,CA Vienne Condrieu,https://gnau-dia.vienne-condrieu-agglomeration.fr/gnau/#/
200040590,CA Villefranche Beaujolais Saône,https://www.agglo-villefranche.fr/vivre-et-habiter/habitat-et-urbanisme/demandes-dautorisations-durbanismes
200039022,CA Vitré Communauté,
200072106,CC Adour Madiran,
246600423,CC Agly Fenouillèdes,
200041416,CC Airvaudais-Val du Thouet,https://gnau-sieds.operis.fr
200068948,CC Albret Communauté,
200039931,CC Alpes d'Azur,
248400053,CC Alpes-Provence-Verdon sources de Lumière,
242504488,CC Altitude 800,
200070761,CC Ambert Livradois Forez,
200067908,CC Amognes Coeur du Nivernais,
200068443,CC Andaine - Passais,
244900809,CC Anjou Bleu Communauté,
200068955,CC Anjou Loir et Sarthe,
200068625,"CC Arbois, Poligny, Salins, Coeur du Jura",
200027027,CC Arc Sud Bretagne,
200039824,CC Ardèche des Sources et Volcans,
200071405,CC Ardèche Rhône Coiron,
240800821,"CC Ardenne, Rives de Meuse",
200041622,CC Ardennes Thiérache,
200068450,CC Argentan Intercom,https://terresdargentan.fr/vie-quotidienne/habitat-et-urbanisme/urbanisme/travaux-et-construction/
200066116,CC Argonne-Meuse,
200066223,CC Arize Lèze,
200035632,CC Armagnac Adour,
200027076,CC Arnon Boischaut Cher,
243200607,CC Artagnan de Fezensac,
247400583,CC Arve et Salève,
200035756,CC Astarac Arros en Gascogne,
200069268,CC Aubrac Lot Causses Tarn,
200067171,"CC Aubrac, Carladez et Viadène",
200041499,CC Aunis Atlantique,https://cdc-aunisatlantique.urbanisme17.fr
200041614,CC Aunis Sud,
200043123,CC Auray Quiberon Terre Atlantique,https://www.saintpierrequiberon.fr/portail-de-lurbanisme-aqta
246500573,CC Aure-Louron,
200070902,CC Auxonne Pontailler Val de Saône,
244301099,CC Auzon Communauté,
200039758,"CC Avallon, Vézelay, Morvan",
241200807,CC Aveyron Bas Ségala Viaur,
200070969,CC Avre Luce Noye,
248400160,CC Aygues-Ouvèze en Provence (Ccaop),
200040251,CC Bassée-Montois,
200034726,CC Bastides de Lomagne,
243200508,CC Bastides et Vallons du Gers,
244900882,CC Baugeois Vallée,"Dépend des communes"
200067882,CC Bazois Loire Morvan,
243000585,CC Beaucaire Terre d'Argence,
200055481,CC Beauce Val de Loire,
200040574,CC Beaujolais Pierres Dorées,
240700815,CC Berg et Coiron,
200049484,CC Berry Grand Sud,
200068278,CC Berry Loire Puisaye,
200032514,CC Berry-Loire-Vauvise,
200059392,CC Bièvre Isère,
200067627,CC Billom Communauté,
200067486,CC Bouzonvillois-Trois Frontières,
243600319,CC Brenne - Val de Creuse,
200071371,CC Bresse et Saône,
200069615,CC Bresse Haute Seille,
200071579,CC Bresse Louhannaise Intercom',
246500573,CC Bresse Nord Intercom,
200042414,CC Bresse Revermont 71,
248400160,CC Bretagne Porte de Loire Communauté,
243500733,CC Bretagne Romantique,
247100647,CC Briance Combade,
200040814,CC Briance Sud Haute Vienne,
200070779,CC Brie des Rivières et Châteaux,
247700701,CC Brie Nangissienne,
200085728,CC Brioude Sud Auvergne,
200042000,CC Bruyères-Vallons des Vosges,
200067445,CC Buëch-Dévoluy,
200040350,CC Bugey Sud,
200073146,CC Cagire Garonne Salat,
200070662,CC Campagne-De-Caux,
200067676,CC Canaux et Forêts en Gâtinais,
242900629,CC Cap Sizun - Pointe du Raz,
200040905,CC Carmausin-Ségala,
248719338,CC Carnelle Pays-De-France,
200035855,CC Castelnaudary Lauragais Audois,
243301454,CC Castillon/Pujols,
200034601,CC Causses Aigoual Cévennes,
200066371,CC Causses et Vallée de la Dordogne,
247600646,CC Caux - Austreberthe,
200035327,CC Cazals-Salviac,
242000503,CC Celavu-Prunelli,
200096683,CC Centre Morbihan Communauté,
200034049,CC Centre Tarn,
241501089,CC Cère et Goul en Carladès,
247600505,"CC Chablis, Villages et Terroirs",
243600202,CC Chabris - Pays de Bazelle,
200071629,CC Challans-Gois Communauté,
200071629,CC Challans-Gois Communauté,
200069649,CC Chalosse Tursan,
200068880,CC Champagne Boischauts,
200069623,CC Champagnole Nozeroy Jura,
200068096,CC Champsaur-Valgaudemar,
200073013,CC Charente-Arnoult-Coeur de Saintonge,
200035202,CC Charlieu-Belmont,
200072726,CC Châteaubriant-Derval,
200071215,CC Chavanon Combrailles et Volcans,
200043081,"CC Chinon, Vienne et Loire",
200066710,CC Cingal-Suisse Normande,
200033116,CC Cluses-Arve et Montagnes,
241400415,CC Coeur Côte Fleurie,
243200425,CC Coeur d'Astarac en Gascogne,
245901152,CC Coeur d'Ostrevent [C.C.C.O.],tps://gnau24.operis.fr/cccoeurdostrevent/gnau/#/
247800618,CC Coeur d'Yvelines,
200070159,CC Coeur de Beauce,
200070571,CC Coeur de Berry,
243600343,CC Coeur de Brenne,
200072023,CC Coeur de Charente,
200040111,CC Coeur de Chartreuse,
200036135,CC Coeur de France,
200068815,CC Coeur de Garonne,
200043263,CC Coeur de l'Avesnois,
244800405,CC Coeur de Lozère,
200070464,CC Coeur de Maurienne Arvan,
241400860,CC Coeur de Nacre,
200041010,CC Coeur de Savoie,
200000800,CC Coeur de Sologne,
200023299,CC Coeur de Tarentaise,
200070290,CC Cœur du Pays Haut,
200068435,CC Coeur du Perche,
248300550,CC Coeur du Var,
200072643,CC Coeur et Coteaux du Comminges,
200069656,CC Coeur Haute Lande,
200072098,CC Combrailles Sioule et Morge,
200071512,CC Commentry Montmarault Néris Communauté,
200070068,CC Communauté Bray-Eawy,
242900793,CC Communauté Lesneven Côte des Légendes,
200067478,CC Comtal Lot et Truyère,
200049211,CC Conflent-Canigó,
241200641,CC Conques-Marcillac,
200069581,CC Convergence Garonne,
200070365,CC Corbières Salanque Méditerranée,
243500725,CC Côte d'Émeraude,
244000857,CC Côte Landes Nature,
200067031,CC Côte Ouest Centre Manche,
200033090,CC Coteaux et Plaines du Pays Lafrançaisain,
244000881,CC Coteaux et Vallées des Luys,
200067379,CC Côtes de Champagne et Val de Saulx,
200034874,CC Côtes de Meuse Woëvre,
200070688,CC Couesnon Marches de Bretagne,
200067940,CC Couserans-Pyrénées,
200067023,CC Coutances Mer et Bocage,https://cartads.communaute-coutances.fr/guichet-unique.
200067544,CC Creuse Confluence,
200044014,CC Creuse Grand Sud,
200067189,CC Creuse Sud Ouest,
200030435,CC d'Aire-sur-l'Adour,
200071777,"CC d'Arcis, Mailly, Ramerupt",
200027308,CC d'Auberive Vingeanne et Montsaugeonnais,
244400503,CC d'Erdre et Gesvres,https://gnau9.operis.fr/erdregesvres/gnau/
241400555,CC de Bayeux Intercom,
245600465,CC de Belle-Ile-en-Mer,
243801073,CC de Bièvre Est,
245600440,CC de Blavet Bellevue Océan,
200023794,CC de Blaye,
245600465,CC de Bléré Val de Cher,
243500618,CC de Brocéliande,
242020105,CC de Calvi Balagne,
245700695,CC de Cattenom et Environs,
200035129,CC de Cèze Cévennes,
200072049,CC de Charente Limousine,
200066157,CC de Commercy - Void - Vaucouleurs,
200066173,CC de Damvillers Spincourt,
200018083,CC de Desvres-Samer,
200041440,CC de Domme - Villefranche du Périgord,
200033827,CC de Fium'orbu Castellu,
200040947,CC de Flandre Intérieure,https://flandreinterieure.geosphere.fr/
200065894,CC de Forez-Est,
245700398,CC de Freyming-Merlebach,
200041440,CC de Gâtine et Choisilles - Pays de Racan,
241700632,CC de Gémozac et de la Saintonge Viticole,
200070894,CC de Gevrey-Chambertin et de Nuits-Saint-Georges,
200033827,CC de Grand Lieu,
200042604,"CC de Granville, Terre et Mer",
200067783,CC de Hanau-la Petite Pierre,
242900561,CC de Haute-Cornouaille,
247300254,CC de Haute-Tarentaise,
248900383,CC de l'Agglomération Migennoise,
200067783,CC de l'Aillantais,
200066140,CC de l'Aire à l'Argonne,
246000764,CC de l'Aire Cantilienne,
200067841,CC de l'Alsace Bossue,
242000495,CC de l'Alta Rocca,
245701354,CC de l'Arc Mosellan,
240800920,CC de l'Argonne Ardennaise,
200042703,CC de l'Argonne Champenoise,
245300355,CC de l'Ernée,
200070985,CC de l'Est de la Somme,
249730052,CC de l'Est Guyanais,
242900561,CC de l'Est Lyonnais (Ccel),
243300811,CC de l'Estuaire,
241700624,CC de l'Ile d'Oléron,
246900575,CC de l'Ile de Noirmoutier,
241700624,CC de l'Ile de Ré,
248500191,CC de l'Ile-Rousse - Balagne,
243800745,CC de l'Oisans,
200068005,CC de l'Oise Picarde,
200015162,CC de l'Oriente,
241000488,CC de l'Orvin et de l'Ardusson,
249730037,CC de l'Ouest Guyanais,
200068559,CC de l'Ouest Vosgien,
200068559,CC de l'Ouest Vosgien,
200066785,CC de l'Oust à Brocéliande,
200040178,CC de l'Outre-Forêt,
200042729,CC de la Baie du Cotentin,https://baieducotentin.geosphere.fr/guichet-unique/Login/Particulier
246700843,CC de la Basse-Zorn,
200035764,CC de la Beauce Loirétaine,
245100888,CC de la Brie Champenoise,
200073252,CC de la Castagniccia-Casinca,
200072718,CC de la Champagne Conlinoise et du Pays de Sillé,
240200576,CC de la Champagne Picarde,
200066678,CC de la Châtaigneraie Cantalienne,
243600350,CC de la Châtre et Sainte-Sévère,
200067668,"CC de la Cléry, du Betz et de l'Ouanne",
200067668,"CC de la Cléry, du Betz et de l'Ouanne",
200034205,CC de la Costa Verde,
200069839,CC de la Côte d'Albâtre,
240100610,CC de la Côtière à Montluel,
200069193,CC de la Dombes,
244500484,CC de la Forêt,
200023620,CC de la Gascogne Toulousaine,
245100615,CC de la Grande Vallée de la Marne,https://www.agglo-pvm.fr/pratique/demarches-durbanisme-en-ligne
200066363,CC de la Haute Ariège,
200041721,CC de la Haute Comté,
200037059,CC de la Haute Somme (Combles - Péronne - Roisel),
200033173,CC de la Haute Vallée de Chevreuse,
246500482,CC de la Haute-Bigorre,
241700459,CC de la Haute-Deûle,
200073104,CC de la Haute-Saintonge,https://webads.haute-saintonge.org/NetADS/sve/connexion
243200391,CC de la Lomagne Gersoise,
248200065,CC de la Lomagne Tarn-et-Garonnaise,
200007052,CC de la Marche Berrichonne,
200040657,CC de la Matheysine,
200043438,CC de la Moivre à la Coole,
200072007,CC de la Montagne d'Ardèche,
200042463,CC de la Montagne Noire,
200068864,CC de la Mossig et du Vignoble,
241200914,CC de la Muse et des Raspes du Tarn,
246000848,CC de la Picardie Verte,
200038958,CC de la Pieve de l'Ornano,
246000897,CC de la Plaine d'Estrées,
240100883,CC de la Plaine de l'Ain,
200000925,CC de la Plaine Dijonnaise,
244500542,CC de la Plaine du Nord Loiret,
200041283,CC de la Plaine du Rhin,
243901089,CC de la Plaine Jurassienne,
200068377,CC de la Porte des Vosges Méridionales,
246200844,CC de la Région d'Audruicq,
200041523,CC de la Région d'Orgelet,
241000405,CC de la Région de Bar-sur-Aube,
244400453,CC de la Région de Blain,
246800569,CC de la Région de Guebwiller,
243600293,CC de la Région de Levroux,
246701064,CC de la Région de Molsheim-Mutzig,
200005957,CC de la Région de Rambervillers,
200042620,CC de la Région de Suippes,
243500634,CC de La Roche aux Fées,
243100781,CC de la Save au Touch,
244100780,CC de la Sologne des Étangs,
244100806,CC de la Sologne des Rivières,
243900354,CC de la Station des Rousses-Haut Jura,
243200417,CC de la Tenarèze,
246200380,CC de la Terre des Deux Caps,
240200444,CC de la Thiérache du Centre,
246400337,CC de la Vallée d'Ossau,
200023372,CC de la Vallée de Chamonix-Mont-Blanc,
246800551,CC de la Vallée de Kaysersberg,
200041168,CC de la Vallée de l'Homme,
249500455,CC de la Vallée de l'Oise et des Trois Forêts,
246700306,CC de la Vallée de la Bruche,
246800676,CC de la Vallée de la Doller et du Soultzbach,
200035103,CC de la Vallée de la Haute-Sarthe,
246800585,CC de la Vallée de Munster,
246800205,CC de la Vallée de Saint-Amarin,
246700777,CC de la Vallée de Villé,
248300410,CC de la Vallée du Gapeau,
246900757,CC de la Vallée du Garon (Ccvg),
244600433,CC de la Vallée du Lot et du Vignoble,
247400047,CC de la Vallée Verte,
248900664,CC de la Vanne et du Pays d'Othe,
200070555,CC de la Veyle,
200039204,CC de Lacq-Orthez,
241200765,CC de Lévézou Pareloup,
247600604,CC de Londinières,
200036499,CC de Marana-Golo,
247100639,CC de Marcigny,
249710047,CC de Marie-Galante,
241200567,CC de Millau Grands Causses,
244000543,CC de Mimizan,
200068369,CC de Mirecourt Dompaire,
240100800,CC de Miribel et du Plateau,
200034197,CC de Montaigne Montravel et Gurson,
242500320,CC de Montbenoît,
243301264,CC de Montesquieu,
248719361,CC de Noblat,
244400537,CC de Nozay,
200041333,CC de Parthenay-Gâtine,https://gnau-sieds.operis.fr
243000593,CC de Petite Camargue,
200050532,CC de Petite-Terre,
200065787,CC de Pont-Audemer / Val de Risle,
200040889,CC de Portes Sud Périgord,
200071207,CC de Pouilly-en-Auxois/Bligny-sur-Ouche,
200067130,CC de Puisaye-Forterre,
200067130,CC de Puisaye-Forterre,
200035103,CC de Sablé-sur-Sarthe,
246900757,CC de Saint-Flour,
200038990,CC de Saint-Méen Montauban,
242101442,CC de Saulieu,
200070589,CC de Seille et Grand Couronné,
246700967,CC de Sélestat,
200066835,CC de Sézanne-Sud Ouest Marnais,
200036465,CC de Thann-Cernay,
200066892,CC de Vendeuvre-Soulaines,
241900133,CC de Ventadour - Egletons - Monédières,
200069433,CC de Vezouze en Piémont,
200072882,CC de Vie et Boulogne,
200072882,CC de Vie et Boulogne,
200043354,CC de Villedieu Intercom,
200034718,"CC de Vitry, Champagne et Der",
247300262,CC de Yenne,
200067064,CC Decazeville Communauté,
200029734,CC des 4B Sud Charente,
200043602,"CC des Albères, de la Côte Vermeille et de l'Illibéris",
246600449,CC des Aspres,
200033868,CC des Ballons des Hautes-Vosges,
200068229,CC des Baronnies en Drôme Provençale,
200034833,CC des Bastides Dordogne-Périgord,
200036523,CC des Bastides en Haut-Agenais Périgord,
200069482,CC des Campagnes de l'Artois,
200068484,CC des Causses à l'Aubrac,
200069136,CC des Cévennes Au Mont Lozère,
243400736,CC des Cévennes Gangeoises et Suménoises,
200033298,CC des Coëvrons,
200036523,CC des Collines du Nord Dauphiné,
244100293,CC des Collines du Perche,
200071504,CC des Collines du Perche Normand,
247000367,CC des Combes,
200042372,CC des Coteaux Arrats Gimone,
243100815,CC des Coteaux Bellevue,
200069136,CC des Coteaux Bordelais,
243100732,CC des Coteaux du Girou,
200070803,CC des Coteaux du Val-d'Arros,
244701355,CC des Coteaux et Landes de Gascogne,
240800862,CC des Crêtes Préardennaises,
200072544,CC des Deux Morin,
248200016,CC des Deux Rives,
249100157,CC des Deux Vallées,
246000772,CC des Deux Vallées,
200068294,CC des Deux Vallées Vertes,
200069912,CC des Forêts du Perche,
200039808,CC des Gorges de l'Ardèche,
244000873,CC des Grands Lacs,
200069144,CC des Hautes Terres de l'Aubrac,
200033868,CC des Hautes-Vosges,
200040954,CC des Hauts de Flandre,
200068856,CC des Hauts du Perche,
200036150,CC des Hauts du Val de Saône,
200071314,CC des Hauts-Tolosans,
200040137,CC des Lacs de Champagne,
200069565,CC des Lacs et Montagnes du Haut-Doubs,
200035541,CC des Landes d'Armagnac,
246000749,CC des Lisières de l'Oise,
244500427,CC des Loges,
200067239,CC des Luys en Béarn,
200070803,CC des Mille Étangs,
200034098,CC des Montagnes du Giffre,
200034031,CC des Monts d'Alban et du Villefranchois,
247000698,CC des Monts de Gy,
200066553,CC des Monts de Lacaune et de la Montagne du Haut Languedoc,
200066587,CC des Monts du Lyonnais,
244200622,CC des Monts du Pilat,
246000921,CC des Pays d'Oise et d'Halatte,
244301123,CC des Pays de Cayres et de Pradelles,
200096634,CC des Pays de l'Aigle,
245400189,CC des Pays du Sel et du Vermois,
200066850,CC des Paysages de la Champagne,
200066231,CC des Portes d'Ariège Pyrénées,
243301439,CC des Portes de l'Entre-deux-Mers,
240200634,CC des Portes de la Thiérache,
200066108,CC des Portes de Meuse,
200000545,CC des Portes de Romilly-sur-Seine,
246700744,CC des Portes de Rosheim,
200005932,CC des Portes de Sologne,
248719353,CC des Portes de Vassivière,
242504181,CC des Portes du Haut-Doubs,
240800847,CC des Portes du Luxembourg,
200068468,CC des Portes Euréliennes d'Ile-de-France,
247000623,CC des Quatre Rivières,
247400666,CC des Quatre Rivières,
244500419,CC des Quatre Vallées,
243301439,CC des Rives du Haut-Allier,
246000582,CC des Sablons,
200027548,CC des Savanes,
200070332,CC des Savoir-Faire,
200069953,CC des Sept Vallées,
200073393,CC des Sorgues du Comtat,
200035111,CC des Sources de l'Orne,
247400773,CC des Sources du Lac d'Annecy,
244301016,CC des Sucs,
200069185,CC des Terres d'Apcher-Margeride-Aubrac,
200071017,CC des Terres d'Auxois,
200071298,CC des Terres du Lauragais,
200070183,CC des Terres du Val de Loire,
245200597,CC des Trois Forêts,
240200600,CC des Trois Rivières,
247300015,CC des Vallées d'Aigueblanche,
200069458,CC des Vallées d'Auge et du Merlerault,
200072692,CC des Vallées de la Braye et de l'Anille,
242100154,CC des Vallées de la Tille et de l'Ignon,
247400617,CC des Vallées de Thônes,
200043628,CC des Vallées du Clain,
200071868,CC des Vallées du Haut-Anjou,
246900724,CC des Vallons du Lyonnais (Ccvl),
244200614,CC des Vals d'Aix et Isable,
247600588,CC des Villes Soeurs,
246900724,CC des Vosges Côté Sud Ouest,
200069060,CC des Vosges du Sud,
242600492,CC Dieulefit-Bourdeaux,
200042497,CC Dombes Saône Vallée,
200069169,CC Dômes Sancy Artense,
200071520,CC Domfront Tinchebray Interco,
242900645,CC Douarnenez Communauté,
200042901,CC Drôme Sud Provence,
200041572,CC Dronne et Belle,
200069003,CC du Barséquanais en Champagne,
243200409,CC du Bas Armagnac,
200068807,CC du Bassin Auterivain Haut-Garonnais,
200073245,CC du Bassin d'Aubenas,
200044253,CC du Bassin de Joinville en Champagne,
241700699,CC du Bassin de Marennes,
245400601,CC du Bassin de Pompey,
200041515,CC du Bassin de Pont-à-Mousson,
200043982,CC du Bazadais,
200067288,CC du Béarn des Gaves,
200071496,CC du Bocage Bourbonnais,
245300389,CC du Bocage Mayennais,
242852465,CC du Bonnevalais,
240500439,CC du Briançonnais,
200067924,CC du Canton d'Erstein,
240200519,CC du Canton d'Oulchy-le-Château,
240200584,CC du Canton de Charly-sur-Marne,
247300361,CC du Canton de la Chambre,
200068773,CC du Canton de Semur-en-Brionnais,
200042943,CC du Cap Corse,
243700499,CC du Castelrenaudais,
244600573,CC du Causse de Labastide-Murat,
242020071,CC du Centre Corse,
246800445,CC du Centre du Haut-Rhin,
200059871,CC du Centre-Ouest,
200071041,CC du Chaourçois et du Val d'Armance,
200035848,CC du Châtillonnais en Berry,
240200592,CC du Chemin des Dames,
200070035,CC du Civraisien en Poitou,
243400355,CC du Clermontais,
246000376,CC du Clermontois,
200040293,CC du Clunisois,
200068922,CC du Confluent et des Coteaux de Prayssas,
200034064,CC du Cordais et du Causse (4 C),
243301215,CC du Créonnais,
247300361,CC du Crestois et de Pays de Saillans Coeur de Drôme,
242600534,CC du Diois,
245700133,CC du District Urbain de Faulquemont (Duf),
242504447,CC du Doubs Baumois,
243301397,CC du Fronsadais,
200034957,CC du Frontonnais,
248900748,CC du Gâtinais en Bourgogne,
247400690,CC du Genevois,
244800470,CC du Gévaudan,
200036077,CC du Golfe de Saint-Tropez,
243200458,CC du Grand Armagnac,
200070530,CC du Grand Autunois Morvan,
244100798,CC du Grand Chambord,
200069961,CC du Grand Châteaudun,
243301223,CC du Grand Cubzaguais,
200072999,CC du Grand Langres,
200022986,CC du Grand Pic Saint-Loup,
242500338,CC du Grand Pontarlier,
200070977,CC du Grand Roye,
200035533,CC du Grand Saint-Émilionnais,
200034031,CC du Grand Villefranchois,
200067452,CC du Guillestrois et du Queyras,
242900710,CC du Haut Pays Bigouden,
200069235,CC du Haut Pays du Montreuillois,
249500489,CC du Haut Val d'Oise,
246600548,CC du Haut Vallespir,
200006930,CC du Haut-Allier,
200067262,CC du Haut-Béarn,
247400682,CC du Haut-Chablais,
200006930,CC du Haut-Jura (Arcade),
244301107,CC du Haut-Lignon,
200069763,CC du Haut-Poitou,
248900938,CC du Jovinien,
200034635,CC du Kochersberg,
200067262,CC du Kreiz-Breizh (Cckb),
247300668,CC du Lac d'Aiguebelette (Ccla),
200034056,CC du Lautrécois et du Pays d'Agout,
246000129,CC du Liancourtois,
200071926,CC du Limouxin,
246300966,CC du Massif du Sancy,
243801024,CC du Massif du Vercors,
200066348,CC du Minervois au Caroux,
200042182,CC du Mont des Avaloirs,
242101491,CC du Montbardois,
245804497,CC du Nivernais Bourbonnais,
200006716,CC du Nogentais,
242200715,CC du Nord de Mayotte,
200067296,CC du Nord Est Béarn,
200071173,CC du Pays Arnay Liernais,
240700302,CC du Pays Beaume-Drobie,
247300668,CC du Pays Bellegardien (Ccpb),
242900702,CC du Pays Bigouden Sud,
242101434,CC du Pays Châtillonnais,
242101459,CC du Pays d'Alésia et de la Seine,
244400552,CC du Pays d'Ancenis,https://sve-pays-ancenis.sirap.fr/#/044003/connexion
245501242,CC du Pays d'Étain,
247000722,CC du Pays d'Héricourt,
240300657,CC du Pays d'Huriel,
242900074,CC du Pays d'Iroise,
243600236,CC du Pays d'Issoudun,
240900464,CC du Pays d'Olmes,
241000447,CC du Pays d'Othe,
244200820,CC du Pays d'Urfé,
241927243,CC du Pays d'Uzerche,
200034270,CC du Pays de Barr,
200069441,CC du Pays de Bitche,
246000913,CC du Pays de Bray,
245300447,CC du Pays de Château-Gontier,https://www.paysdechateaugontier.fr/vivre-habiter/urbanisme
245400510,CC du Pays de Colombey et du Sud Toulois,
245400510,CC du Pays de Colombey et du Sud Toulois,
242700276,CC du Pays de Conches,
200048551,CC du Pays de Craon,
247400112,CC du Pays de Cruseilles,
200070670,CC du Pays de Dol et de la Baie du Mont-Saint-Michel,
244700449,CC du Pays de Duras,
241400514,CC du Pays de Falaise,
200004802,CC du Pays de Fayence,
200040830,CC du Pays de Fénelon,
240100891,CC du Pays de Fontenay-Vendée,
200066827,CC du Pays de Honfleur-Beuzeville,
200070670,CC du Pays de l'Arbresle (Ccpa),
247200686,CC du Pays de l'huisne Sarthoise,
247700065,CC du Pays de l'Ourcq,
246900765,CC du Pays de l'Ozon,
248500415,CC du Pays de la Châtaigneraie,
248500415,CC du Pays de la Châtaigneraie,
240200469,CC du Pays de la Serre,
246700959,CC du Pays de la Zorn,
244600532,CC du Pays de Lalbenque-Limogne,
200016905,CC du Pays de Lamastre,
246900625,CC du Pays de Landerneau-Daoulas,
242900751,CC du Pays de Landivisiau,
240300491,CC du Pays de Lapalisse,
244700464,CC du Pays de Lauzun,
247200686,CC du Pays de Limours (Ccpl),
200066603,CC du Pays de Lubersac-Pompadour,
246201016,CC du Pays de Lumbres,
243400520,CC du Pays de Lunel,
247000664,CC du Pays de Lure,
247000755,CC du Pays de Luxeuil,
200023075,CC du Pays de Maîche,
241500271,CC du Pays de Mauriac,
245300223,CC du Pays de Meslay-Grez,
200044469,CC du Pays de Mirepoix,
200041853,CC du Pays de Montbozon et du Chanois,
244300307,CC du Pays de Montfaucon,
245501259,CC du Pays de Montmédy,
200043321,CC du Pays de Mormal,
248500662,CC du Pays de Mortagne,
248500662,CC du Pays de Mortagne,
200036069,CC du Pays de Mortagne-au-Perche,
246701098,CC du Pays de Niederbronn-les-Bains,
245700950,CC du Pays de Phalsbourg,
200000438,CC du Pays de Pontchâteau Saint-Gildas-des-Bois,
248500464,CC du Pays de Pouzauges,
248500464,CC du Pays de Pouzauges,
245501184,CC du Pays de Revigny-sur-Ornain,
246800577,CC du Pays de Ribeauvillé,
246800494,"CC du Pays de Rouffach, Vignobles et Châteaux",
242400935,CC du Pays de Saint-Aulaye,
200072080,CC du Pays de Saint-Éloy,
249100074,CC du Pays de Saint-Fulgent - les Essarts,
200036069,CC du Pays de Saint-Gilles-Croix-de-Vie,
248700189,CC du Pays de Saint-Yrieix,
248700189,CC du Pays de Saint-Yrieix,
246701080,CC du Pays de Sainte-Odile,
241200658,CC du Pays de Salars,
241501139,CC du Pays de Salers,
242504371,CC du Pays de Sancey-Belleherbe,
200068112,CC du Pays de Saverne,
200040418,CC du Pays de Serres en Quercy,
243000296,CC du Pays de Sommières,
200066132,CC du Pays de Stenay et du Val Dunois,
240900431,CC du Pays de Tarascon,
200070795,CC du Pays de Trie et du Magnoac,
240300558,CC du Pays de Tronçais,
246000871,CC du Pays de Valois,
244000774,CC du Pays de Villeneuve en Armagnac Landais,
247000714,CC du Pays de Villersexel,
246700926,CC du Pays de Wissembourg,
242900553,CC du Pays des Abers,
248500530,CC du Pays des Achards,
240500462,CC du Pays des Ecrins,
248500621,CC du Pays des Herbiers,
248500621,CC du Pays des Herbiers,
200071918,CC du Pays des Lacs,
240600593,CC du Pays des Paillons,
248400319,CC du Pays des Sorgues et des Monts de Vaucluse,
246000855,CC du Pays des Sources,
248000747,CC du Pays du Coquelicot,
242700607,CC du Pays du Neubourg,
200035772,CC du Pays du Saintois,
245400759,CC du Pays du Sanon,
240200493,CC du Pays du Vermandois,
244200630,CC du Pays entre Loire et Rhône,
200071652,CC du Pays Fertois et du Bocage Carrougien,
247200348,CC du Pays Fléchois,
242900660,CC du Pays Fouesnantais,
243301371,CC du Pays Foyen,
241500255,CC du Pays Gentiane,
244000824,CC du Pays Grenadois,
245701404,CC du Pays Haut Val d'Alzette,
247800550,CC du Pays Houdanais (C.C.P.H.),
248600447,CC du Pays Loudunais,
244000691,CC du Pays Morcenais,
246900740,CC du Pays Mornantais (Copamo),
246000756,CC du Pays Noyonnais,
245701271,CC du Pays Orne Moselle,
200043156,CC du Pays Rethélois,
248400236,CC du Pays Réuni d'Orange,
200041325,CC du Pays Rhénan,
246900740,CC du Pays Ribéracois,
241200625,CC du Pays Rignacois,
247000706,CC du Pays Riolais,
247400724,CC du Pays Rochois,
245901038,CC du Pays Solesmois,
244000766,CC du Pays Tarusate,
243000270,CC du Pays Viganais,
200006971,CC du Perche,
200040772,CC du Perche et Haut Vendômois,
200071819,CC du Périgord Nontronnais,
200034411,CC du Piémont Cévenol,
244200895,CC du Pilat Rhodanien,
200066280,CC du Pithiverais,
200071850,CC du Pithiverais-Gâtinais,
242504496,CC du Plateau de Frasne et du Val de Drugeon (Cfd),
200070787,CC du Plateau de Lannemezan,
241200674,CC du Plateau de Montbazens,
242504355,CC du Plateau de Russey,
246000566,CC du Plateau Picard,
243000684,CC du Pont du Gard,
200037133,CC du Provinois,
200039519,CC du Quercy Blanc,
248200057,CC du Quercy Caussadais,
248200107,CC du Quercy Rouergue et des Gorges de l'Aveyron,
200044394,CC du Réolais en Sud Gironde,
241200542,CC du Réquistanais,
240700864,CC du Rhône aux Gorges de l'Ardèche,
200030526,CC du Ried de Marckolsheim,
200018406,CC du Romorantinais et du Monestois,
241600303,CC du Rouillacais,
200067767,CC du Royans-Vercors,
245500327,CC du Sammiellois,
242010130,CC du Sartenais Valinco Taravo,
245701206,CC du Saulnois,https://www.cc-saulnois.fr/mes-demarches/
243200599,CC du Saves,
243301264,CC du Secteur de Saint-Loubès,
244000659,CC du Seignanx,
200039709,CC du Serein,
200068765,CC du Sisteronais-Buëch,
248100158,CC du Sor et de l'Agout,
200060473,CC du Sud,
200043404,CC du Sud Avesnois,
200040764,CC du Sud Corse,
247200421,CC du Sud Est du Pays Manceau,
200043974,CC du Sud Gironde,
245100979,CC du Sud Marnais,
200039907,CC du Sud Messin,
249000241,CC du Sud Territoire,
200035442,CC du Sud-Artois,
244400586,CC du Sud-Estuaire,
200069672,CC du Ternois,
200041150,CC du Terrassonnais en Périgord Noir Thenon Hautefort,
245501176,CC du Territoire de Fresnes-en-Woëvre,
200070324,CC du Territoire de Lunéville à Baccarat,
200070951,CC du Territoire Nord Picardie,
247900798,CC du Thouarsais,https://gnau-sieds.operis.fr
200041861,CC du Triangle Vert,
200030658,CC du Trièves,
200043065,CC du Val d'Amboise,
243900420,CC du Val d'Amour,
246800395,CC du Val d'Argent,
240700716,CC du Val d'Ay,
244400586,CC du Val d'Essonne (Ccve),
246100390,CC du Val d'Orne,
200018521,CC du Val de Bouzanne,
240300566,CC du Val de Cher,
242600252,CC du Val de Drôme,
240200501,CC du Val de l'Aisne,
243301405,CC du Val de l'Eyre,
200040426,CC du Val de l'Oise,
242504116,CC du Val de Morteau,
247200629,CC du Val de Sarthe,
248000499,CC du Val de Somme,
200070100,CC du Val de Sully,
248719288,CC du Val de Vienne,
200041887,CC du Val Marnaysien,
246600373,CC du Vallespir,
200071843,CC du Vexin Normand,
246000707,CC du Vexin-Thelle,
249500513,CC du Vexin-Val de Seine,
200070944,CC du Vimeu,
200066819,CC du Volvestre,
245701164,CC du Warndt,
200040558,CC Écueillé-Valençay,
200068872,CC Éguzon - Argenton - Vallée de la Creuse,
200066512,CC Élan Limousin Avenir Nature,
200040681,CC Enclave des Papes-Pays de Grignan,
200071470,CC Entr'Allier Besbre et Loire,
200070316,"CC Entre Arroux, Loire et Somme",
249100546,CC Entre Beauce et Perche,
200085751,CC Entre Bièvre et Rhône,https://gu.entre-bievreetrhone.fr/guichet-unique
246301097,CC Entre Dore et Allier,
249100553,CC Entre Juine et Renarde (Ccejr),
247103765,CC Entre Saône et Grosne,
200072734,CC Estuaire et Sillon,
200058360,CC Eure-Madrie-Seine,
247600729,CC Falaises du Talou,https://saasweb.oci-urbanisme.fr/NetADS/sve/connexion
200000172,CC Faucigny-Glières,
249100553,CC Fercher Pays Florentais,
247400567,CC Fier et Usses,
245900758,CC Flandre Lys,
241000223,"CC Forêts, Lacs, Terres en Champagne",
200039063,"CC Forêts, Seine et Suzon",
200068930,CC Fumel Vallée du Lot,
200034130,CC Gally Mauldre,
248719262,CC Gartempe - Saint-Pardoux,
200023919,CC Gâtinais Val de Loing,
244500211,CC Giennoises,
200069151,CC Gorges Causses Cévennes,
200042646,CC Grand Orb CC en Languedoc,
200066652,CC Grand Sud Tarn et Garonne,
200067361,CC Grand-Figeac,
200067957,CC Haut Chemin-Pays de Pange,
200071942,CC Haut Limousin en Marche,
200067429,CC Haut Nivernais-Val d'Yonne,
200067429,CC Haut Nivernais-Val d'Yonne,
200041994,CC Haut Val de Sèvre,https://gnau-sieds.operis.fr
200026573,CC Haut-Jura Saint-Claude,
200067072,CC Haut-Léon Communauté,
200072700,CC Haute Sarthe Alpes Mancelles,
200066744,CC Haute-Corrèze Communauté,
200070340,CC Haute-Maurienne Vanoise,
200071025,CC Haute-Provence-Pays de Banon,
200066637,CC Hautes Terres,
200067650,CC Houve-Pays Boulageois,
200070449,CC Inter-Caux-Vexin,
200066462,CC Interco Normandie Sud Eure,
200066413,CC Intercom Bernay Terres de Normandie,
200068799,CC Intercom de la Vire au Noireau,https://demandesurbanisme.vireaunoireau.fr/
200070340,CC Interrégionale Aumale - Blangy-sur-Bresle,
200066801,CC Isigny-Omaha Intercom,
200040384,CC Isle Double Landais,
200069094,CC Isle et Crempse-en-Périgord,
200040095,CC Isle Vern Salembre en Périgord,
242401024,CC Isle-Loue-Auvézère en Périgord,
200071033,CC Jabron-Lure-Vançon-Durance,
243301165,CC Jalle-Eau-Bourde,
243900560,CC Jura Nord,
200069722,CC Jura Sud,
247700644,CC l'Orée de la Brie,
247700644,CC l'Orée de la Brie,
200069094,CC La Clayette Chauffailles en Brionnais,
243400488,CC La Domitienne,
243900610,CC La Grandvallière,
200068914,CC La Rochefoucauld - Porte du Périgord,
241800374,CC La Septaine,
200040210,CC Lacs et Gorges du Verdon,
241200906,CC Larzac et Vallées,
243301181,CC Latitude Nord Gironde,
243100567,CC Lauragais Revel Sorezois,
200070282,CC Lavalette Tude Dronne,
249100595,CC Le Dourdannais en Hurepoix (Ccdh),
200068914,CC Le Dunois,
200072684,CC Le Gesnois Bilurien,
200071884,CC Le Grand Charolais,
200018166,CC Le Grésivaudan,https://gnau18.operis.fr/gresivaudan/gnau/#/
200039642,CC Le Tonnerrois en Bourgogne,
200069086,CC Leff Armor Communauté,
200071058,CC Les Avant-Monts,
200068542,CC Les Balcons du Dauphiné,
200068088,CC Les Bertranges,
200023125,CC Les Portes Briardes entre Villes et Forêts,
200071074,CC Les Portes de l'Ile de France,
241800432,CC Les Trois Provinces,
200068567,CC Les Vals du Dauphiné,
247300817,CC Les Versants d'Aime,
249100595,CC Les Villages de la Forêt,
200066017,CC Lieuvin Pays d'Auge,
243500774,CC Liffré-Cormier Communauté,
200071587,CC Loches Sud Touraine,
200017341,CC Lodévois et Larzac,
200070373,CC Loir-Lucé-Bercé,
245801063,CC Loire et Allier,
244301131,CC Loire et Semène,
200071553,CC Loire Layon Aubance,https://loirelayonaubance.geosphere.fr/portailccs/Login/Particulier
246800494,"CC Loire, Vignobles et Nohain",
244701405,CC Lot et Tolzac,
200067460,CC Loudéac Communauté - Bretagne Centre,
200040475,CC Loué - Brûlon - Noyen,
200068070,CC Loue-Lison,
243800935,CC Lyon Saint-Éxupéry-en-Dauphiné,
200070142,CC Lyons Andelle,
200069698,CC Mâconnais - Tournugeois,
200070738,CC Mad et Moselle,
200068963,CC Maine Coeur de Sarthe,
200072676,CC Maine Saosnois,
200067593,CC Marche et Combraille en Aquitaine,
200035137,CC Marche Occitane - Val d'Anglin,
200073427,CC Marches du Velay-Rochebaron,
244000865,CC Maremne Adour Côte Sud,https://www.e‑permis.fr
247300452,CC Maurienne Galibier,
200055887,CC Mayenne Communauté,
200027100,CC Méditerranée Porte des Maures,
200070720,CC Médoc Atlantique,
243800935,CC Médoc Coeur de Presqu'ile,
243301447,CC Médoc Estuaire,
243301389,CC Médullienne,
200069755,CC Mellois-en-Poitou,https://gnau-sieds.operis.fr
200067643,"CC Meurthe, Mortagne, Moselle",
200069664,CC Meuse Rognon,
200073401,CC Mézenc-Loire-Meygal,
200066769,CC Midi Corrézien,
200072825,CC Mirebellois et Fontenois,
200069177,CC Mond'Arverne Communauté,
200069128,CC Mont Lozère,
243500550,CC Montfort Communauté,
200067197,CC Monts d'Arrée Communauté,
200069755,CC Monts et Vallées Ouest Creuse,
200067163,"CC Monts, Rance et Rougier",
247700032,CC Moret Seine et Loing,
200067890,CC Morvan Sommets et Grands Lacs,
245400171,CC Moselle et Madon,
200073120,CC Nebbiu - Conca d'Oro,
200070829,CC Neste Barousse,
200071223,CC Nièvre et Somme,
200069540,CC Norge et Tille,
200065563,CC Normandie-Cabourg-Pays d'Auge,
248500258,CC Océan Marais de Monts,
248500258,CC Océan Marais de Monts,
247200447,CC Orée de Bercé - Belinois,
200070845,CC Orne Lorraine Confluences,https://ideau.atreal.fr
200044048,CC Osartis Marquion,
200039055,CC Ouche et Montagne,
200066520,CC Ouest Limousin,
200073138,CC Pasquale Paoli,
247700438,CC Pays Créçois,
200040624,CC Pays d'Apt-Luberon,
200071967,CC Pays d'Évian Vallée d'Abondance,
200072478,CC Pays d'Opale,
200069417,CC Pays d'Orthe et Arrigans,
200034379,CC Pays d'Uzès,
248500340,CC Pays de Chantonnay,
248500340,CC Pays de Chantonnay,
243500659,CC Pays de Châteaugiron Communauté,
247700107,CC Pays de Montereau,
246401756,CC Pays de Nay,
200023240,CC Pays de Nemours,
200007177,CC Pays de Nérondes,
200070506,CC Pays de Nexon Monts de Chalus,
200039832,CC Pays des Vans en Cévennes,
200034882,CC Pays du Mont-Blanc,
240400440,CC Pays Forcalquier et Montagne de Lure,
200069227,CC Pays Fort Sancerrois Val de Loire,
200066025,CC Pays Rhin - Brisach,
200068831,CC Pays Ségali,
242400752,CC Périgord-Limousin,
200042992,CC Perthois-Bocage et Der,
200012060,CC Petite Montagne,
200041960,CC Pévèle-Carembault,
200071769,CC Picardie des Châteaux,
200035707,CC Piège Lauragais Malepère,
200071199,CC Plaine Limagne,
200033090,CC Plaines et Monts de France,
200069847,CC Plateau de Caux-Doudeville-Yerville,
200067247,CC Pleyben-Châteaulin-Porzay,
200066777,CC Ploërmel Communauté,
242900744,CC Poher Communauté,
200070936,CC Ponthieu-Marquenterre,
245614433,CC Pontivy Communauté,
200067593,CC Porte d'Aquitaine en Pays de Serres,
242900744,CC Porte de Drômardèche,
247300676,CC Porte de Maurienne,
200072056,CC Porte du Jura,
200059400,CC Porte Océane du Limousin,
200041556,CC Portes de la Creuse en Marche,
200011781,CC Portes du Berry entre Loire et Val d'Aubois,https://www.cdc-portesduberry.fr/demandes-d-urbanisme-cdc-portes-berry_fr.html
200069524,CC Pré-Bocage Intercom,https://idds.sdec-energie.fr/NetADS/sve/connexion
200066868,CC Presqu'île de Crozon-Aulne Maritime,https://gnau3.operis.fr/presquiledecrozon/gnau/#/
200040202,CC Provence Verdon,
200043776,CC Pyrénées Audoises,
200040491,CC Pyrénées Catalanes,
246600399,CC Pyrénées Cerdagne,
200072635,CC Pyrénées Haut Garonnaises,
200070811,CC Pyrénées Vallées des Gaves,
244600482,CC Quercy - Bouriane,
200066884,CC Quercy Vert-Aveyron,
245614383,CC Questembert Communauté,
200066868,CC Rahin et Cherimont,
200069102,CC Randon - Margeride,
200035863,"CC Région Lézignanaise, Corbières et Minervois",
200071991,CC Retz-en-Valois,
200041366,CC Rhône Crussol,
200000628,CC Rhône Lez Provence,
243000569,"CC Rhony, Vistre, Vidourle",
200029999,CC Rives de l'Ain - Pays du Cerdon,
200039949,CC Rives de Moselle,
242101509,CC Rives de Saône,
245614417,CC Roi Morvan Communauté,
200066405,CC Roumois Seine,
246600415,CC Roussillon-Conflent,
247400740,CC Rumilly Terre de Savoie,
246600464,CC Rurales de l'Entre-deux-Mers,
200067155,"CC Saint Affricain, Roquefort, Sept Vallons",
200071645,CC Saint Cyr Mère Boitier entre Charolais et Mâconnais,
200070431,CC Saint-Marcellin Vercors Isère Communauté,
200071389,CC Saint-Pourçain Sioule Limagne,
200040038,CC Saône Doubs Bresse,
200067817,CC Saône-Beaujolais,
200027217,CC Sarlat-Périgord Noir,
200068146,CC Sarrebourg Moselle Sud,
200013050,CC Sauer-Pechelbronn,
200000933,CC Sauldre et Sologne,
249500430,CC Sausseron Impressionnistes,
200070126,CC Seine et Aube,
200066975,CC Senlis Sud Oise,
200067304,CC Serein et Armance,
200067742,CC Serre-Ponçon,
200067320,CC Serre-Ponçon Val d'Avance,
200069516,CC Seulles Terre et Mer,
200067866,CC Sèvre et Loire,
200066561,CC Sidobre Vals et Plateaux,
200071181,CC Somme Sud-Ouest,
200067049,CC Spelunca-Liamone,
200066033,CC Sud Alsace Largue,
247104094,CC Sud Côte Chalonnaise,
200067700,CC Sud Nivernais,
200071546,CC Sud Retz Atlantique,
200073112,CC Sud Sarthe,
200073260,CC Sud Vendée Littoral,
200073260,CC Sud Vendée Littoral,
200042653,CC Sud-Hérault,
246600282,CC Sud-Roussillon,
241501055,CC Sumène - Artense,
200066041,CC Sundgau,
200067692,CC Tannay-Brinon-Corbigny,
200034023,CC Tarn-Agout,
241400878,CC Terre d'Auge,
200068682,CC Terre d'Eau,
243000650,CC Terre de Camargue,
200070928,CC Terre de Picardie,
200043693,CC Terre Lorraine du Longuyonnais,
200071538,CC Terres de Bresse,
200069631,CC Terres de Chalosse,
247000821,"CC Terres de Montaigu, Cc Montaigu-Rocheservière",https://terresdemontaigu.geosphere.fr/guichet-unique/Login/Particulier
200070167,CC Terres de Perche,
200041879,CC Terres de Saône,
200066322,CC Terres des Confluences,
200069599,CC Terres du Haut-Berry,
200070563,CC Terres Touloises,
248400285,CC Territoriale Sud-Luberon,
200068534,CC Terroir de Caux,
200067973,CC Thelloise,
200071983,CC Thiérache Sambre et Oise,
200070712,CC Thiers Dore et Montagne,
248100745,CC Thoré Montagne Noire,
200070910,CC Tille et Venelle,
200072981,CC Touraine Ouest Val de Loire,
200072668,CC Touraine Val de Vienne,
200072650,CC Touraine Vallée de l'Indre,https://sve.sirap.fr/#/communesList
200073161,CC Touraine-Est Vallées,
200070852,CC Usses et Rhône,
248400335,CC Vaison Ventoux,
248100497,CC Val 81,
200072874,CC Val Briard,
243500667,CC Val d'Ille-Aubigné,
200043016,CC Val de Charente,
200069748,CC Val de Gâtine,https://gnau-sieds.operis.fr
200072320,CC Val de Gers,
200036549,CC Val de Gray,
243600301,CC Val de l'Indre - Brenne,
240700617,CC Val de Ligne,
200066165,CC Val de Meuse - Voie Sacrée,
200070118,CC Val de Saône Centre,
200065589,CC Val Ès Dunes,
200041465,CC Val Eyrieux,
247300528,CC Val Guiers,
200040798,CC Val Vanoise,
200072064,CC Val-de-Cher-Controis,https://gnau7.operis.fr/valdechercontrois/gnau/
243100773,CC Val'Aïgo,
243400694,CC Vallée de l'Hérault,
200072304,CC Vallée de l'Ubaye - Serre-Ponçon,
200041051,CC Vallée de la Dordogne et Forêt Bessède,
200066330,CC Vallée des Baux-Alpilles (Cc Vba),
200066728,CC Vallées de l'Orne et de l'Odon,
200067759,CC Vallées et Plateau d'Ardenne,
200043990,CC Vallons de Haute-Bretagne Communauté,
200065589,CC Vals de Saintonge,
200071900,CC Vendée Grand Littoral,
200071900,CC Vendée Grand Littoral,
248500563,"CC Vendée, Sèvre, Autise",
248500563,"CC Vendée, Sèvre, Autise",
200035723,CC Ventoux Sud,
200035970,CC Vexin Centre,
200066645,CC Vézère-Monédières-Millesources,
200070043,CC Vienne et Gartempe,
200090561,CC Vierzon-Sologne-Berry,
241300375,CC Xaintrie Val'dordogne,
248900896,CC Yonne Nord,
247600620,CC Yvetot Normandie,
246300701,Clermont Auvergne Métropole,https://urbanisme.clermontmetropole.eu/
244900015,CU Angers Loire Métropole,https://gnau3.operis.fr/angers/gnau/#/
200065597,CU Caen la Mer,caenlamer.geosphere.fr
246100663,CU d'Alençon,
200033579,CU d'Arras,https://gnau25.operis.fr/arras/gnau/#/
245900428,CU de Dunkerque,gnau.dunkerque.fr
200067213,CU du Grand Reims,https://portailprourba.grandreims.fr/guichet-unique/Login/Particulier
200069854,CU du Grand-Poitiers,
200059889,CU Grand Paris Seine et Oise,https://gpseo.fr/article/guichet-numerique-autorisations-durbanisme-gnau
247100290,CU Le Creusot Montceau-les-Mines,https://sig.creusot-montceau.org/intrageo/login.php
200084952,CU Le Havre Seine Métropole,https://www.lehavreseinemetropole.fr/actualites/dematerialisation-des-autorisations-durbanisme-0
247200132,CU Le Mans Métropole,https://gnau11.operis.fr/gnau/#/
248719312,CU Limoges Métropole,
200027183,CU Perpignan Méditerranée Métropole,https://cartads.mairie-perpignan.com/guichet-unique/Login/Particulier
242100410,Dijon Métropole,https://extrageo.metropole-dijon.fr/guichet-unique/Login/Particulier
246700488,Eurométropole de Strasbourg,https://www.strasbourg.eu/guichet-numerique-autorisations-urbanisme-gnau
200046977,Métropole de LYON,https://urbanisme.toodego.com/guichet
245400676,Métropole du Grand Nancy,https://cartads.grandnancy.eu/guichet-au-dia
200054781,Métropole du Grand Paris,
200054781,Métropole du Grand Paris,
200093201,Métropole Européenne de Lille,https://gnau.lillemetropole.fr/gnau/
200069854,Métropole Grenoble-Alpes-Métropole,https://depotdau.grenoblealpesmetropole.fr/gnau/#/
200030195,Métropole Nice Côte d'Azur,https://app.e-permis.fr/
200023414,Métropole Rouen Normandie,https://gnau.metropole-rouen-normandie.fr
248300543,Métropole Toulon-Provence-Méditerranée,https://demarches.toulon.fr/infos_demarches/urbanisme-foncier/la-declaration-prealable-de-travaux/
200039865,Metz Métropole,https://urbanisme.eurometropolemetz.eu/
243400017,Montpellier Méditerranée Métropole,https://gnau32.operis.fr/montpellier/gnau/#/
244400404,Nantes Métropole,https://eservices.nantesmetropole.fr/urbanisme
244500468,Orléans Métropole,https://demarchesurbanisme.orleans-metropole.fr
243500139,Rennes Métropole,https://gnau-rennesmetropole.operis.fr/gnau/
244200770,Saint-Etienne Métropole,https://urbanisme.saint-etienne-metropole.fr/
243100518,Toulouse Métropole,https://metropole.toulouse.fr/demarches/faire-une-demande-dautorisation-durbanisme-toulouse
243700754,Tours Métropole Val de Loire,gnau.tours-metropole.fr/gnau/#/
